Analysis & Synthesis report for Final_Project_AY
Fri Dec 13 12:22:49 2024
Quartus Prime Version 18.1.0 Build 625 09/12/2018 SJ Lite Edition


---------------------
; Table of Contents ;
---------------------
  1. Legal Notice
  2. Analysis & Synthesis Summary
  3. Analysis & Synthesis Settings
  4. Parallel Compilation
  5. Analysis & Synthesis Source Files Read
  6. Analysis & Synthesis Resource Usage Summary
  7. Analysis & Synthesis Resource Utilization by Entity
  8. Analysis & Synthesis RAM Summary
  9. Analysis & Synthesis IP Cores Summary
 10. General Register Statistics
 11. Source assignments for lpm_ram:Ram|altsyncram:altsyncram_component|altsyncram_5124:auto_generated
 12. Parameter Settings for User Entity Instance: lpm_ram:Ram|altsyncram:altsyncram_component
 13. Parameter Settings for User Entity Instance: LPM_MUXER:Mux|LPM_MUX:LPM_MUX_component
 14. Parameter Settings for User Entity Instance: LPM_ADDER_SUBER:Add_Sub|lpm_add_sub:LPM_ADD_SUB_component
 15. altsyncram Parameter Settings by Entity Instance
 16. Post-Synthesis Netlist Statistics for Top Partition
 17. Elapsed Time Per Partition
 18. Analysis & Synthesis Messages



----------------
; Legal Notice ;
----------------
Copyright (C) 2018  Intel Corporation. All rights reserved.
Your use of Intel Corporation's design tools, logic functions 
and other software and tools, and its AMPP partner logic 
functions, and any output files from any of the foregoing 
(including device programming or simulation files), and any 
associated documentation or information are expressly subject 
to the terms and conditions of the Intel Program License 
Subscription Agreement, the Intel Quartus Prime License Agreement,
the Intel FPGA IP License Agreement, or other applicable license
agreement, including, without limitation, that your use is for
the sole purpose of programming logic devices manufactured by
Intel and sold by Intel or its authorized distributors.  Please
refer to the applicable agreement for further details.



+-------------------------------------------------------------------------------+
; Analysis & Synthesis Summary                                                  ;
+---------------------------------+---------------------------------------------+
; Analysis & Synthesis Status     ; Successful - Fri Dec 13 12:22:49 2024       ;
; Quartus Prime Version           ; 18.1.0 Build 625 09/12/2018 SJ Lite Edition ;
; Revision Name                   ; Final_Project_AY                            ;
; Top-level Entity Name           ; Yunayev_Final_Project                       ;
; Family                          ; Cyclone V                                   ;
; Logic utilization (in ALMs)     ; N/A                                         ;
; Total registers                 ; 269                                         ;
; Total pins                      ; 44                                          ;
; Total virtual pins              ; 0                                           ;
; Total block memory bits         ; 1,024                                       ;
; Total DSP Blocks                ; 0                                           ;
; Total HSSI RX PCSs              ; 0                                           ;
; Total HSSI PMA RX Deserializers ; 0                                           ;
; Total HSSI TX PCSs              ; 0                                           ;
; Total HSSI PMA TX Serializers   ; 0                                           ;
; Total PLLs                      ; 0                                           ;
; Total DLLs                      ; 0                                           ;
+---------------------------------+---------------------------------------------+


+------------------------------------------------------------------------------------------------------------------------------+
; Analysis & Synthesis Settings                                                                                                ;
+---------------------------------------------------------------------------------+-----------------------+--------------------+
; Option                                                                          ; Setting               ; Default Value      ;
+---------------------------------------------------------------------------------+-----------------------+--------------------+
; Device                                                                          ; 5CGXFC7C7F23C8        ;                    ;
; Top-level entity name                                                           ; Yunayev_Final_Project ; Final_Project_AY   ;
; Family name                                                                     ; Cyclone V             ; Cyclone V          ;
; Use smart compilation                                                           ; Off                   ; Off                ;
; Enable parallel Assembler and Timing Analyzer during compilation                ; On                    ; On                 ;
; Enable compact report table                                                     ; Off                   ; Off                ;
; Restructure Multiplexers                                                        ; Auto                  ; Auto               ;
; MLAB Add Timing Constraints For Mixed-Port Feed-Through Mode Setting Don't Care ; Off                   ; Off                ;
; Create Debugging Nodes for IP Cores                                             ; Off                   ; Off                ;
; Preserve fewer node names                                                       ; On                    ; On                 ;
; Intel FPGA IP Evaluation Mode                                                   ; Enable                ; Enable             ;
; Verilog Version                                                                 ; Verilog_2001          ; Verilog_2001       ;
; VHDL Version                                                                    ; VHDL_1993             ; VHDL_1993          ;
; State Machine Processing                                                        ; Auto                  ; Auto               ;
; Safe State Machine                                                              ; Off                   ; Off                ;
; Extract Verilog State Machines                                                  ; On                    ; On                 ;
; Extract VHDL State Machines                                                     ; On                    ; On                 ;
; Ignore Verilog initial constructs                                               ; Off                   ; Off                ;
; Iteration limit for constant Verilog loops                                      ; 5000                  ; 5000               ;
; Iteration limit for non-constant Verilog loops                                  ; 250                   ; 250                ;
; Add Pass-Through Logic to Inferred RAMs                                         ; On                    ; On                 ;
; Infer RAMs from Raw Logic                                                       ; On                    ; On                 ;
; Parallel Synthesis                                                              ; On                    ; On                 ;
; DSP Block Balancing                                                             ; Auto                  ; Auto               ;
; NOT Gate Push-Back                                                              ; On                    ; On                 ;
; Power-Up Don't Care                                                             ; On                    ; On                 ;
; Remove Redundant Logic Cells                                                    ; Off                   ; Off                ;
; Remove Duplicate Registers                                                      ; On                    ; On                 ;
; Ignore CARRY Buffers                                                            ; Off                   ; Off                ;
; Ignore CASCADE Buffers                                                          ; Off                   ; Off                ;
; Ignore GLOBAL Buffers                                                           ; Off                   ; Off                ;
; Ignore ROW GLOBAL Buffers                                                       ; Off                   ; Off                ;
; Ignore LCELL Buffers                                                            ; Off                   ; Off                ;
; Ignore SOFT Buffers                                                             ; On                    ; On                 ;
; Limit AHDL Integers to 32 Bits                                                  ; Off                   ; Off                ;
; Optimization Technique                                                          ; Balanced              ; Balanced           ;
; Carry Chain Length                                                              ; 70                    ; 70                 ;
; Auto Carry Chains                                                               ; On                    ; On                 ;
; Auto Open-Drain Pins                                                            ; On                    ; On                 ;
; Perform WYSIWYG Primitive Resynthesis                                           ; Off                   ; Off                ;
; Auto ROM Replacement                                                            ; On                    ; On                 ;
; Auto RAM Replacement                                                            ; On                    ; On                 ;
; Auto DSP Block Replacement                                                      ; On                    ; On                 ;
; Auto Shift Register Replacement                                                 ; Auto                  ; Auto               ;
; Allow Shift Register Merging across Hierarchies                                 ; Auto                  ; Auto               ;
; Auto Clock Enable Replacement                                                   ; On                    ; On                 ;
; Strict RAM Replacement                                                          ; Off                   ; Off                ;
; Allow Synchronous Control Signals                                               ; On                    ; On                 ;
; Force Use of Synchronous Clear Signals                                          ; Off                   ; Off                ;
; Auto Resource Sharing                                                           ; Off                   ; Off                ;
; Allow Any RAM Size For Recognition                                              ; Off                   ; Off                ;
; Allow Any ROM Size For Recognition                                              ; Off                   ; Off                ;
; Allow Any Shift Register Size For Recognition                                   ; Off                   ; Off                ;
; Use LogicLock Constraints during Resource Balancing                             ; On                    ; On                 ;
; Ignore translate_off and synthesis_off directives                               ; Off                   ; Off                ;
; Timing-Driven Synthesis                                                         ; On                    ; On                 ;
; Report Parameter Settings                                                       ; On                    ; On                 ;
; Report Source Assignments                                                       ; On                    ; On                 ;
; Report Connectivity Checks                                                      ; On                    ; On                 ;
; Ignore Maximum Fan-Out Assignments                                              ; Off                   ; Off                ;
; Synchronization Register Chain Length                                           ; 3                     ; 3                  ;
; Power Optimization During Synthesis                                             ; Normal compilation    ; Normal compilation ;
; HDL message level                                                               ; Level2                ; Level2             ;
; Suppress Register Optimization Related Messages                                 ; Off                   ; Off                ;
; Number of Removed Registers Reported in Synthesis Report                        ; 5000                  ; 5000               ;
; Number of Swept Nodes Reported in Synthesis Report                              ; 5000                  ; 5000               ;
; Number of Inverted Registers Reported in Synthesis Report                       ; 100                   ; 100                ;
; Clock MUX Protection                                                            ; On                    ; On                 ;
; Auto Gated Clock Conversion                                                     ; Off                   ; Off                ;
; Block Design Naming                                                             ; Auto                  ; Auto               ;
; SDC constraint protection                                                       ; Off                   ; Off                ;
; Synthesis Effort                                                                ; Auto                  ; Auto               ;
; Shift Register Replacement - Allow Asynchronous Clear Signal                    ; On                    ; On                 ;
; Pre-Mapping Resynthesis Optimization                                            ; Off                   ; Off                ;
; Analysis & Synthesis Message Level                                              ; Medium                ; Medium             ;
; Disable Register Merging Across Hierarchies                                     ; Auto                  ; Auto               ;
; Resource Aware Inference For Block RAM                                          ; On                    ; On                 ;
; Automatic Parallel Synthesis                                                    ; On                    ; On                 ;
; Partial Reconfiguration Bitstream ID                                            ; Off                   ; Off                ;
+---------------------------------------------------------------------------------+-----------------------+--------------------+


+------------------------------------------+
; Parallel Compilation                     ;
+----------------------------+-------------+
; Processors                 ; Number      ;
+----------------------------+-------------+
; Number detected on machine ; 16          ;
; Maximum allowed            ; 16          ;
;                            ;             ;
; Average used               ; 1.00        ;
; Maximum used               ; 16          ;
;                            ;             ;
; Usage by Processor         ; % Time Used ;
;     Processor 1            ; 100.0%      ;
;     Processor 2            ;   0.0%      ;
;     Processors 3-16        ;   0.0%      ;
+----------------------------+-------------+


+---------------------------------------------------------------------------------------------------------------------------------------------------------------------------------------------------------------------------------------+
; Analysis & Synthesis Source Files Read                                                                                                                                                                                                ;
+--------------------------------------+-----------------+----------------------------------------+---------------------------------------------------------------------------------------------------------------------------+---------+
; File Name with User-Entered Path     ; Used in Netlist ; File Type                              ; File Name with Absolute Path                                                                                              ; Library ;
+--------------------------------------+-----------------+----------------------------------------+---------------------------------------------------------------------------------------------------------------------------+---------+
; Yunayev_Final_Assignment_Package.vhd ; yes             ; User VHDL File                         ; C:/Users/Allan/OneDrive/Desktop/Coding/CSC 343 quartus and modelsim/Final_Project_AY/Yunayev_Final_Assignment_Package.vhd ;         ;
; MemAddrAccumulator.vhd               ; yes             ; User VHDL File                         ; C:/Users/Allan/OneDrive/Desktop/Coding/CSC 343 quartus and modelsim/Final_Project_AY/MemAddrAccumulator.vhd               ;         ;
; D_FF.vhd                             ; yes             ; User VHDL File                         ; C:/Users/Allan/OneDrive/Desktop/Coding/CSC 343 quartus and modelsim/Final_Project_AY/D_FF.vhd                             ;         ;
; Demux_1to2_32bit.vhd                 ; yes             ; User VHDL File                         ; C:/Users/Allan/OneDrive/Desktop/Coding/CSC 343 quartus and modelsim/Final_Project_AY/Demux_1to2_32bit.vhd                 ;         ;
; lpm_ram.vhd                          ; yes             ; User Wizard-Generated File             ; C:/Users/Allan/OneDrive/Desktop/Coding/CSC 343 quartus and modelsim/Final_Project_AY/lpm_ram.vhd                          ;         ;
; LPM_ADDER_SUBER.vhd                  ; yes             ; User Wizard-Generated File             ; C:/Users/Allan/OneDrive/Desktop/Coding/CSC 343 quartus and modelsim/Final_Project_AY/LPM_ADDER_SUBER.vhd                  ;         ;
; LPM_MUXER.vhd                        ; yes             ; User Wizard-Generated File             ; C:/Users/Allan/OneDrive/Desktop/Coding/CSC 343 quartus and modelsim/Final_Project_AY/LPM_MUXER.vhd                        ;         ;
; Register32.vhd                       ; yes             ; User VHDL File                         ; C:/Users/Allan/OneDrive/Desktop/Coding/CSC 343 quartus and modelsim/Final_Project_AY/Register32.vhd                       ;         ;
; Yunayev_Final_Project.vhd            ; yes             ; User VHDL File                         ; C:/Users/Allan/OneDrive/Desktop/Coding/CSC 343 quartus and modelsim/Final_Project_AY/Yunayev_Final_Project.vhd            ;         ;
; altsyncram.tdf                       ; yes             ; Megafunction                           ; c:/intelfpga_lite/18.1/quartus/libraries/megafunctions/altsyncram.tdf                                                     ;         ;
; stratix_ram_block.inc                ; yes             ; Megafunction                           ; c:/intelfpga_lite/18.1/quartus/libraries/megafunctions/stratix_ram_block.inc                                              ;         ;
; lpm_mux.inc                          ; yes             ; Megafunction                           ; c:/intelfpga_lite/18.1/quartus/libraries/megafunctions/lpm_mux.inc                                                        ;         ;
; lpm_decode.inc                       ; yes             ; Megafunction                           ; c:/intelfpga_lite/18.1/quartus/libraries/megafunctions/lpm_decode.inc                                                     ;         ;
; aglobal181.inc                       ; yes             ; Megafunction                           ; c:/intelfpga_lite/18.1/quartus/libraries/megafunctions/aglobal181.inc                                                     ;         ;
; a_rdenreg.inc                        ; yes             ; Megafunction                           ; c:/intelfpga_lite/18.1/quartus/libraries/megafunctions/a_rdenreg.inc                                                      ;         ;
; altrom.inc                           ; yes             ; Megafunction                           ; c:/intelfpga_lite/18.1/quartus/libraries/megafunctions/altrom.inc                                                         ;         ;
; altram.inc                           ; yes             ; Megafunction                           ; c:/intelfpga_lite/18.1/quartus/libraries/megafunctions/altram.inc                                                         ;         ;
; altdpram.inc                         ; yes             ; Megafunction                           ; c:/intelfpga_lite/18.1/quartus/libraries/megafunctions/altdpram.inc                                                       ;         ;
; db/altsyncram_5124.tdf               ; yes             ; Auto-Generated Megafunction            ; C:/Users/Allan/OneDrive/Desktop/Coding/CSC 343 quartus and modelsim/Final_Project_AY/db/altsyncram_5124.tdf               ;         ;
; ram_content.mif                      ; yes             ; Auto-Found Memory Initialization File  ; C:/Users/Allan/OneDrive/Desktop/Coding/CSC 343 quartus and modelsim/Final_Project_AY/ram_content.mif                      ;         ;
; lpm_mux.tdf                          ; yes             ; Megafunction                           ; c:/intelfpga_lite/18.1/quartus/libraries/megafunctions/lpm_mux.tdf                                                        ;         ;
; muxlut.inc                           ; yes             ; Megafunction                           ; c:/intelfpga_lite/18.1/quartus/libraries/megafunctions/muxlut.inc                                                         ;         ;
; bypassff.inc                         ; yes             ; Megafunction                           ; c:/intelfpga_lite/18.1/quartus/libraries/megafunctions/bypassff.inc                                                       ;         ;
; altshift.inc                         ; yes             ; Megafunction                           ; c:/intelfpga_lite/18.1/quartus/libraries/megafunctions/altshift.inc                                                       ;         ;
; db/mux_o1e.tdf                       ; yes             ; Auto-Generated Megafunction            ; C:/Users/Allan/OneDrive/Desktop/Coding/CSC 343 quartus and modelsim/Final_Project_AY/db/mux_o1e.tdf                       ;         ;
; lpm_add_sub.tdf                      ; yes             ; Megafunction                           ; c:/intelfpga_lite/18.1/quartus/libraries/megafunctions/lpm_add_sub.tdf                                                    ;         ;
; addcore.inc                          ; yes             ; Megafunction                           ; c:/intelfpga_lite/18.1/quartus/libraries/megafunctions/addcore.inc                                                        ;         ;
; look_add.inc                         ; yes             ; Megafunction                           ; c:/intelfpga_lite/18.1/quartus/libraries/megafunctions/look_add.inc                                                       ;         ;
; alt_stratix_add_sub.inc              ; yes             ; Megafunction                           ; c:/intelfpga_lite/18.1/quartus/libraries/megafunctions/alt_stratix_add_sub.inc                                            ;         ;
; db/add_sub_gdh.tdf                   ; yes             ; Auto-Generated Megafunction            ; C:/Users/Allan/OneDrive/Desktop/Coding/CSC 343 quartus and modelsim/Final_Project_AY/db/add_sub_gdh.tdf                   ;         ;
+--------------------------------------+-----------------+----------------------------------------+---------------------------------------------------------------------------------------------------------------------------+---------+


+---------------------------------------------------------+
; Analysis & Synthesis Resource Usage Summary             ;
+---------------------------------------------+-----------+
; Resource                                    ; Usage     ;
+---------------------------------------------+-----------+
; Estimate of Logic utilization (ALMs needed) ; 135       ;
;                                             ;           ;
; Combinational ALUT usage for logic          ; 40        ;
;     -- 7 input functions                    ; 0         ;
;     -- 6 input functions                    ; 1         ;
;     -- 5 input functions                    ; 1         ;
;     -- 4 input functions                    ; 1         ;
;     -- <=3 input functions                  ; 37        ;
;                                             ;           ;
; Dedicated logic registers                   ; 269       ;
;                                             ;           ;
; I/O pins                                    ; 44        ;
; Total MLAB memory bits                      ; 0         ;
; Total block memory bits                     ; 1024      ;
;                                             ;           ;
; Total DSP Blocks                            ; 0         ;
;                                             ;           ;
; Maximum fan-out node                        ; CLK~input ;
; Maximum fan-out                             ; 301       ;
; Total fan-out                               ; 1284      ;
; Average fan-out                             ; 2.99      ;
+---------------------------------------------+-----------+


+---------------------------------------------------------------------------------------------------------------------------------------------------------------------------------------------------------------------------------------------------------------------------------------------------------+
; Analysis & Synthesis Resource Utilization by Entity                                                                                                                                                                                                                                                     ;
+-------------------------------------------+---------------------+---------------------------+-------------------+------------+------+--------------+-------------------------------------------------------------------------------------------------------------+-----------------------+--------------+
; Compilation Hierarchy Node                ; Combinational ALUTs ; Dedicated Logic Registers ; Block Memory Bits ; DSP Blocks ; Pins ; Virtual Pins ; Full Hierarchy Name                                                                                         ; Entity Name           ; Library Name ;
+-------------------------------------------+---------------------+---------------------------+-------------------+------------+------+--------------+-------------------------------------------------------------------------------------------------------------+-----------------------+--------------+
; |Yunayev_Final_Project                    ; 40 (0)              ; 269 (0)                   ; 1024              ; 0          ; 44   ; 0            ; |Yunayev_Final_Project                                                                                      ; Yunayev_Final_Project ; work         ;
;    |D_FF:FFAddSub|                        ; 0 (0)               ; 1 (1)                     ; 0                 ; 0          ; 0    ; 0            ; |Yunayev_Final_Project|D_FF:FFAddSub                                                                        ; D_FF                  ; work         ;
;    |D_FF:FFReg1|                          ; 0 (0)               ; 1 (1)                     ; 0                 ; 0          ; 0    ; 0            ; |Yunayev_Final_Project|D_FF:FFReg1                                                                          ; D_FF                  ; work         ;
;    |D_FF:FFReg2|                          ; 0 (0)               ; 1 (1)                     ; 0                 ; 0          ; 0    ; 0            ; |Yunayev_Final_Project|D_FF:FFReg2                                                                          ; D_FF                  ; work         ;
;    |D_FF:FFReg3|                          ; 0 (0)               ; 1 (1)                     ; 0                 ; 0          ; 0    ; 0            ; |Yunayev_Final_Project|D_FF:FFReg3                                                                          ; D_FF                  ; work         ;
;    |D_FF:FFReg4|                          ; 0 (0)               ; 1 (1)                     ; 0                 ; 0          ; 0    ; 0            ; |Yunayev_Final_Project|D_FF:FFReg4                                                                          ; D_FF                  ; work         ;
;    |D_FF:FFSelectDemux|                   ; 0 (0)               ; 1 (1)                     ; 0                 ; 0          ; 0    ; 0            ; |Yunayev_Final_Project|D_FF:FFSelectDemux                                                                   ; D_FF                  ; work         ;
;    |D_FF:FFSelectMux|                     ; 0 (0)               ; 1 (1)                     ; 0                 ; 0          ; 0    ; 0            ; |Yunayev_Final_Project|D_FF:FFSelectMux                                                                     ; D_FF                  ; work         ;
;    |D_FF:FFWriteEnable|                   ; 0 (0)               ; 1 (1)                     ; 0                 ; 0          ; 0    ; 0            ; |Yunayev_Final_Project|D_FF:FFWriteEnable                                                                   ; D_FF                  ; work         ;
;    |LPM_ADDER_SUBER:Add_Sub|              ; 35 (0)              ; 0 (0)                     ; 0                 ; 0          ; 0    ; 0            ; |Yunayev_Final_Project|LPM_ADDER_SUBER:Add_Sub                                                              ; LPM_ADDER_SUBER       ; work         ;
;       |lpm_add_sub:LPM_ADD_SUB_component| ; 35 (0)              ; 0 (0)                     ; 0                 ; 0          ; 0    ; 0            ; |Yunayev_Final_Project|LPM_ADDER_SUBER:Add_Sub|lpm_add_sub:LPM_ADD_SUB_component                            ; lpm_add_sub           ; work         ;
;          |add_sub_gdh:auto_generated|     ; 35 (35)             ; 0 (0)                     ; 0                 ; 0          ; 0    ; 0            ; |Yunayev_Final_Project|LPM_ADDER_SUBER:Add_Sub|lpm_add_sub:LPM_ADD_SUB_component|add_sub_gdh:auto_generated ; add_sub_gdh           ; work         ;
;    |MemAddrAccumulator:AddressCU|         ; 5 (5)               ; 5 (5)                     ; 0                 ; 0          ; 0    ; 0            ; |Yunayev_Final_Project|MemAddrAccumulator:AddressCU                                                         ; MemAddrAccumulator    ; work         ;
;    |Register32:Reg1|                      ; 0 (0)               ; 64 (32)                   ; 0                 ; 0          ; 0    ; 0            ; |Yunayev_Final_Project|Register32:Reg1                                                                      ; Register32            ; work         ;
;       |D_FF:\gen_reg:0:U1|                ; 0 (0)               ; 1 (1)                     ; 0                 ; 0          ; 0    ; 0            ; |Yunayev_Final_Project|Register32:Reg1|D_FF:\gen_reg:0:U1                                                   ; D_FF                  ; work         ;
;       |D_FF:\gen_reg:10:U1|               ; 0 (0)               ; 1 (1)                     ; 0                 ; 0          ; 0    ; 0            ; |Yunayev_Final_Project|Register32:Reg1|D_FF:\gen_reg:10:U1                                                  ; D_FF                  ; work         ;
;       |D_FF:\gen_reg:11:U1|               ; 0 (0)               ; 1 (1)                     ; 0                 ; 0          ; 0    ; 0            ; |Yunayev_Final_Project|Register32:Reg1|D_FF:\gen_reg:11:U1                                                  ; D_FF                  ; work         ;
;       |D_FF:\gen_reg:12:U1|               ; 0 (0)               ; 1 (1)                     ; 0                 ; 0          ; 0    ; 0            ; |Yunayev_Final_Project|Register32:Reg1|D_FF:\gen_reg:12:U1                                                  ; D_FF                  ; work         ;
;       |D_FF:\gen_reg:13:U1|               ; 0 (0)               ; 1 (1)                     ; 0                 ; 0          ; 0    ; 0            ; |Yunayev_Final_Project|Register32:Reg1|D_FF:\gen_reg:13:U1                                                  ; D_FF                  ; work         ;
;       |D_FF:\gen_reg:14:U1|               ; 0 (0)               ; 1 (1)                     ; 0                 ; 0          ; 0    ; 0            ; |Yunayev_Final_Project|Register32:Reg1|D_FF:\gen_reg:14:U1                                                  ; D_FF                  ; work         ;
;       |D_FF:\gen_reg:15:U1|               ; 0 (0)               ; 1 (1)                     ; 0                 ; 0          ; 0    ; 0            ; |Yunayev_Final_Project|Register32:Reg1|D_FF:\gen_reg:15:U1                                                  ; D_FF                  ; work         ;
;       |D_FF:\gen_reg:16:U1|               ; 0 (0)               ; 1 (1)                     ; 0                 ; 0          ; 0    ; 0            ; |Yunayev_Final_Project|Register32:Reg1|D_FF:\gen_reg:16:U1                                                  ; D_FF                  ; work         ;
;       |D_FF:\gen_reg:17:U1|               ; 0 (0)               ; 1 (1)                     ; 0                 ; 0          ; 0    ; 0            ; |Yunayev_Final_Project|Register32:Reg1|D_FF:\gen_reg:17:U1                                                  ; D_FF                  ; work         ;
;       |D_FF:\gen_reg:18:U1|               ; 0 (0)               ; 1 (1)                     ; 0                 ; 0          ; 0    ; 0            ; |Yunayev_Final_Project|Register32:Reg1|D_FF:\gen_reg:18:U1                                                  ; D_FF                  ; work         ;
;       |D_FF:\gen_reg:19:U1|               ; 0 (0)               ; 1 (1)                     ; 0                 ; 0          ; 0    ; 0            ; |Yunayev_Final_Project|Register32:Reg1|D_FF:\gen_reg:19:U1                                                  ; D_FF                  ; work         ;
;       |D_FF:\gen_reg:1:U1|                ; 0 (0)               ; 1 (1)                     ; 0                 ; 0          ; 0    ; 0            ; |Yunayev_Final_Project|Register32:Reg1|D_FF:\gen_reg:1:U1                                                   ; D_FF                  ; work         ;
;       |D_FF:\gen_reg:20:U1|               ; 0 (0)               ; 1 (1)                     ; 0                 ; 0          ; 0    ; 0            ; |Yunayev_Final_Project|Register32:Reg1|D_FF:\gen_reg:20:U1                                                  ; D_FF                  ; work         ;
;       |D_FF:\gen_reg:21:U1|               ; 0 (0)               ; 1 (1)                     ; 0                 ; 0          ; 0    ; 0            ; |Yunayev_Final_Project|Register32:Reg1|D_FF:\gen_reg:21:U1                                                  ; D_FF                  ; work         ;
;       |D_FF:\gen_reg:22:U1|               ; 0 (0)               ; 1 (1)                     ; 0                 ; 0          ; 0    ; 0            ; |Yunayev_Final_Project|Register32:Reg1|D_FF:\gen_reg:22:U1                                                  ; D_FF                  ; work         ;
;       |D_FF:\gen_reg:23:U1|               ; 0 (0)               ; 1 (1)                     ; 0                 ; 0          ; 0    ; 0            ; |Yunayev_Final_Project|Register32:Reg1|D_FF:\gen_reg:23:U1                                                  ; D_FF                  ; work         ;
;       |D_FF:\gen_reg:24:U1|               ; 0 (0)               ; 1 (1)                     ; 0                 ; 0          ; 0    ; 0            ; |Yunayev_Final_Project|Register32:Reg1|D_FF:\gen_reg:24:U1                                                  ; D_FF                  ; work         ;
;       |D_FF:\gen_reg:25:U1|               ; 0 (0)               ; 1 (1)                     ; 0                 ; 0          ; 0    ; 0            ; |Yunayev_Final_Project|Register32:Reg1|D_FF:\gen_reg:25:U1                                                  ; D_FF                  ; work         ;
;       |D_FF:\gen_reg:26:U1|               ; 0 (0)               ; 1 (1)                     ; 0                 ; 0          ; 0    ; 0            ; |Yunayev_Final_Project|Register32:Reg1|D_FF:\gen_reg:26:U1                                                  ; D_FF                  ; work         ;
;       |D_FF:\gen_reg:27:U1|               ; 0 (0)               ; 1 (1)                     ; 0                 ; 0          ; 0    ; 0            ; |Yunayev_Final_Project|Register32:Reg1|D_FF:\gen_reg:27:U1                                                  ; D_FF                  ; work         ;
;       |D_FF:\gen_reg:28:U1|               ; 0 (0)               ; 1 (1)                     ; 0                 ; 0          ; 0    ; 0            ; |Yunayev_Final_Project|Register32:Reg1|D_FF:\gen_reg:28:U1                                                  ; D_FF                  ; work         ;
;       |D_FF:\gen_reg:29:U1|               ; 0 (0)               ; 1 (1)                     ; 0                 ; 0          ; 0    ; 0            ; |Yunayev_Final_Project|Register32:Reg1|D_FF:\gen_reg:29:U1                                                  ; D_FF                  ; work         ;
;       |D_FF:\gen_reg:2:U1|                ; 0 (0)               ; 1 (1)                     ; 0                 ; 0          ; 0    ; 0            ; |Yunayev_Final_Project|Register32:Reg1|D_FF:\gen_reg:2:U1                                                   ; D_FF                  ; work         ;
;       |D_FF:\gen_reg:30:U1|               ; 0 (0)               ; 1 (1)                     ; 0                 ; 0          ; 0    ; 0            ; |Yunayev_Final_Project|Register32:Reg1|D_FF:\gen_reg:30:U1                                                  ; D_FF                  ; work         ;
;       |D_FF:\gen_reg:31:U1|               ; 0 (0)               ; 1 (1)                     ; 0                 ; 0          ; 0    ; 0            ; |Yunayev_Final_Project|Register32:Reg1|D_FF:\gen_reg:31:U1                                                  ; D_FF                  ; work         ;
;       |D_FF:\gen_reg:3:U1|                ; 0 (0)               ; 1 (1)                     ; 0                 ; 0          ; 0    ; 0            ; |Yunayev_Final_Project|Register32:Reg1|D_FF:\gen_reg:3:U1                                                   ; D_FF                  ; work         ;
;       |D_FF:\gen_reg:4:U1|                ; 0 (0)               ; 1 (1)                     ; 0                 ; 0          ; 0    ; 0            ; |Yunayev_Final_Project|Register32:Reg1|D_FF:\gen_reg:4:U1                                                   ; D_FF                  ; work         ;
;       |D_FF:\gen_reg:5:U1|                ; 0 (0)               ; 1 (1)                     ; 0                 ; 0          ; 0    ; 0            ; |Yunayev_Final_Project|Register32:Reg1|D_FF:\gen_reg:5:U1                                                   ; D_FF                  ; work         ;
;       |D_FF:\gen_reg:6:U1|                ; 0 (0)               ; 1 (1)                     ; 0                 ; 0          ; 0    ; 0            ; |Yunayev_Final_Project|Register32:Reg1|D_FF:\gen_reg:6:U1                                                   ; D_FF                  ; work         ;
;       |D_FF:\gen_reg:7:U1|                ; 0 (0)               ; 1 (1)                     ; 0                 ; 0          ; 0    ; 0            ; |Yunayev_Final_Project|Register32:Reg1|D_FF:\gen_reg:7:U1                                                   ; D_FF                  ; work         ;
;       |D_FF:\gen_reg:8:U1|                ; 0 (0)               ; 1 (1)                     ; 0                 ; 0          ; 0    ; 0            ; |Yunayev_Final_Project|Register32:Reg1|D_FF:\gen_reg:8:U1                                                   ; D_FF                  ; work         ;
;       |D_FF:\gen_reg:9:U1|                ; 0 (0)               ; 1 (1)                     ; 0                 ; 0          ; 0    ; 0            ; |Yunayev_Final_Project|Register32:Reg1|D_FF:\gen_reg:9:U1                                                   ; D_FF                  ; work         ;
;    |Register32:Reg2|                      ; 0 (0)               ; 64 (32)                   ; 0                 ; 0          ; 0    ; 0            ; |Yunayev_Final_Project|Register32:Reg2                                                                      ; Register32            ; work         ;
;       |D_FF:\gen_reg:0:U1|                ; 0 (0)               ; 1 (1)                     ; 0                 ; 0          ; 0    ; 0            ; |Yunayev_Final_Project|Register32:Reg2|D_FF:\gen_reg:0:U1                                                   ; D_FF                  ; work         ;
;       |D_FF:\gen_reg:10:U1|               ; 0 (0)               ; 1 (1)                     ; 0                 ; 0          ; 0    ; 0            ; |Yunayev_Final_Project|Register32:Reg2|D_FF:\gen_reg:10:U1                                                  ; D_FF                  ; work         ;
;       |D_FF:\gen_reg:11:U1|               ; 0 (0)               ; 1 (1)                     ; 0                 ; 0          ; 0    ; 0            ; |Yunayev_Final_Project|Register32:Reg2|D_FF:\gen_reg:11:U1                                                  ; D_FF                  ; work         ;
;       |D_FF:\gen_reg:12:U1|               ; 0 (0)               ; 1 (1)                     ; 0                 ; 0          ; 0    ; 0            ; |Yunayev_Final_Project|Register32:Reg2|D_FF:\gen_reg:12:U1                                                  ; D_FF                  ; work         ;
;       |D_FF:\gen_reg:13:U1|               ; 0 (0)               ; 1 (1)                     ; 0                 ; 0          ; 0    ; 0            ; |Yunayev_Final_Project|Register32:Reg2|D_FF:\gen_reg:13:U1                                                  ; D_FF                  ; work         ;
;       |D_FF:\gen_reg:14:U1|               ; 0 (0)               ; 1 (1)                     ; 0                 ; 0          ; 0    ; 0            ; |Yunayev_Final_Project|Register32:Reg2|D_FF:\gen_reg:14:U1                                                  ; D_FF                  ; work         ;
;       |D_FF:\gen_reg:15:U1|               ; 0 (0)               ; 1 (1)                     ; 0                 ; 0          ; 0    ; 0            ; |Yunayev_Final_Project|Register32:Reg2|D_FF:\gen_reg:15:U1                                                  ; D_FF                  ; work         ;
;       |D_FF:\gen_reg:16:U1|               ; 0 (0)               ; 1 (1)                     ; 0                 ; 0          ; 0    ; 0            ; |Yunayev_Final_Project|Register32:Reg2|D_FF:\gen_reg:16:U1                                                  ; D_FF                  ; work         ;
;       |D_FF:\gen_reg:17:U1|               ; 0 (0)               ; 1 (1)                     ; 0                 ; 0          ; 0    ; 0            ; |Yunayev_Final_Project|Register32:Reg2|D_FF:\gen_reg:17:U1                                                  ; D_FF                  ; work         ;
;       |D_FF:\gen_reg:18:U1|               ; 0 (0)               ; 1 (1)                     ; 0                 ; 0          ; 0    ; 0            ; |Yunayev_Final_Project|Register32:Reg2|D_FF:\gen_reg:18:U1                                                  ; D_FF                  ; work         ;
;       |D_FF:\gen_reg:19:U1|               ; 0 (0)               ; 1 (1)                     ; 0                 ; 0          ; 0    ; 0            ; |Yunayev_Final_Project|Register32:Reg2|D_FF:\gen_reg:19:U1                                                  ; D_FF                  ; work         ;
;       |D_FF:\gen_reg:1:U1|                ; 0 (0)               ; 1 (1)                     ; 0                 ; 0          ; 0    ; 0            ; |Yunayev_Final_Project|Register32:Reg2|D_FF:\gen_reg:1:U1                                                   ; D_FF                  ; work         ;
;       |D_FF:\gen_reg:20:U1|               ; 0 (0)               ; 1 (1)                     ; 0                 ; 0          ; 0    ; 0            ; |Yunayev_Final_Project|Register32:Reg2|D_FF:\gen_reg:20:U1                                                  ; D_FF                  ; work         ;
;       |D_FF:\gen_reg:21:U1|               ; 0 (0)               ; 1 (1)                     ; 0                 ; 0          ; 0    ; 0            ; |Yunayev_Final_Project|Register32:Reg2|D_FF:\gen_reg:21:U1                                                  ; D_FF                  ; work         ;
;       |D_FF:\gen_reg:22:U1|               ; 0 (0)               ; 1 (1)                     ; 0                 ; 0          ; 0    ; 0            ; |Yunayev_Final_Project|Register32:Reg2|D_FF:\gen_reg:22:U1                                                  ; D_FF                  ; work         ;
;       |D_FF:\gen_reg:23:U1|               ; 0 (0)               ; 1 (1)                     ; 0                 ; 0          ; 0    ; 0            ; |Yunayev_Final_Project|Register32:Reg2|D_FF:\gen_reg:23:U1                                                  ; D_FF                  ; work         ;
;       |D_FF:\gen_reg:24:U1|               ; 0 (0)               ; 1 (1)                     ; 0                 ; 0          ; 0    ; 0            ; |Yunayev_Final_Project|Register32:Reg2|D_FF:\gen_reg:24:U1                                                  ; D_FF                  ; work         ;
;       |D_FF:\gen_reg:25:U1|               ; 0 (0)               ; 1 (1)                     ; 0                 ; 0          ; 0    ; 0            ; |Yunayev_Final_Project|Register32:Reg2|D_FF:\gen_reg:25:U1                                                  ; D_FF                  ; work         ;
;       |D_FF:\gen_reg:26:U1|               ; 0 (0)               ; 1 (1)                     ; 0                 ; 0          ; 0    ; 0            ; |Yunayev_Final_Project|Register32:Reg2|D_FF:\gen_reg:26:U1                                                  ; D_FF                  ; work         ;
;       |D_FF:\gen_reg:27:U1|               ; 0 (0)               ; 1 (1)                     ; 0                 ; 0          ; 0    ; 0            ; |Yunayev_Final_Project|Register32:Reg2|D_FF:\gen_reg:27:U1                                                  ; D_FF                  ; work         ;
;       |D_FF:\gen_reg:28:U1|               ; 0 (0)               ; 1 (1)                     ; 0                 ; 0          ; 0    ; 0            ; |Yunayev_Final_Project|Register32:Reg2|D_FF:\gen_reg:28:U1                                                  ; D_FF                  ; work         ;
;       |D_FF:\gen_reg:29:U1|               ; 0 (0)               ; 1 (1)                     ; 0                 ; 0          ; 0    ; 0            ; |Yunayev_Final_Project|Register32:Reg2|D_FF:\gen_reg:29:U1                                                  ; D_FF                  ; work         ;
;       |D_FF:\gen_reg:2:U1|                ; 0 (0)               ; 1 (1)                     ; 0                 ; 0          ; 0    ; 0            ; |Yunayev_Final_Project|Register32:Reg2|D_FF:\gen_reg:2:U1                                                   ; D_FF                  ; work         ;
;       |D_FF:\gen_reg:30:U1|               ; 0 (0)               ; 1 (1)                     ; 0                 ; 0          ; 0    ; 0            ; |Yunayev_Final_Project|Register32:Reg2|D_FF:\gen_reg:30:U1                                                  ; D_FF                  ; work         ;
;       |D_FF:\gen_reg:31:U1|               ; 0 (0)               ; 1 (1)                     ; 0                 ; 0          ; 0    ; 0            ; |Yunayev_Final_Project|Register32:Reg2|D_FF:\gen_reg:31:U1                                                  ; D_FF                  ; work         ;
;       |D_FF:\gen_reg:3:U1|                ; 0 (0)               ; 1 (1)                     ; 0                 ; 0          ; 0    ; 0            ; |Yunayev_Final_Project|Register32:Reg2|D_FF:\gen_reg:3:U1                                                   ; D_FF                  ; work         ;
;       |D_FF:\gen_reg:4:U1|                ; 0 (0)               ; 1 (1)                     ; 0                 ; 0          ; 0    ; 0            ; |Yunayev_Final_Project|Register32:Reg2|D_FF:\gen_reg:4:U1                                                   ; D_FF                  ; work         ;
;       |D_FF:\gen_reg:5:U1|                ; 0 (0)               ; 1 (1)                     ; 0                 ; 0          ; 0    ; 0            ; |Yunayev_Final_Project|Register32:Reg2|D_FF:\gen_reg:5:U1                                                   ; D_FF                  ; work         ;
;       |D_FF:\gen_reg:6:U1|                ; 0 (0)               ; 1 (1)                     ; 0                 ; 0          ; 0    ; 0            ; |Yunayev_Final_Project|Register32:Reg2|D_FF:\gen_reg:6:U1                                                   ; D_FF                  ; work         ;
;       |D_FF:\gen_reg:7:U1|                ; 0 (0)               ; 1 (1)                     ; 0                 ; 0          ; 0    ; 0            ; |Yunayev_Final_Project|Register32:Reg2|D_FF:\gen_reg:7:U1                                                   ; D_FF                  ; work         ;
;       |D_FF:\gen_reg:8:U1|                ; 0 (0)               ; 1 (1)                     ; 0                 ; 0          ; 0    ; 0            ; |Yunayev_Final_Project|Register32:Reg2|D_FF:\gen_reg:8:U1                                                   ; D_FF                  ; work         ;
;       |D_FF:\gen_reg:9:U1|                ; 0 (0)               ; 1 (1)                     ; 0                 ; 0          ; 0    ; 0            ; |Yunayev_Final_Project|Register32:Reg2|D_FF:\gen_reg:9:U1                                                   ; D_FF                  ; work         ;
;    |Register32:reg3|                      ; 0 (0)               ; 64 (32)                   ; 0                 ; 0          ; 0    ; 0            ; |Yunayev_Final_Project|Register32:reg3                                                                      ; Register32            ; work         ;
;       |D_FF:\gen_reg:0:U1|                ; 0 (0)               ; 1 (1)                     ; 0                 ; 0          ; 0    ; 0            ; |Yunayev_Final_Project|Register32:reg3|D_FF:\gen_reg:0:U1                                                   ; D_FF                  ; work         ;
;       |D_FF:\gen_reg:10:U1|               ; 0 (0)               ; 1 (1)                     ; 0                 ; 0          ; 0    ; 0            ; |Yunayev_Final_Project|Register32:reg3|D_FF:\gen_reg:10:U1                                                  ; D_FF                  ; work         ;
;       |D_FF:\gen_reg:11:U1|               ; 0 (0)               ; 1 (1)                     ; 0                 ; 0          ; 0    ; 0            ; |Yunayev_Final_Project|Register32:reg3|D_FF:\gen_reg:11:U1                                                  ; D_FF                  ; work         ;
;       |D_FF:\gen_reg:12:U1|               ; 0 (0)               ; 1 (1)                     ; 0                 ; 0          ; 0    ; 0            ; |Yunayev_Final_Project|Register32:reg3|D_FF:\gen_reg:12:U1                                                  ; D_FF                  ; work         ;
;       |D_FF:\gen_reg:13:U1|               ; 0 (0)               ; 1 (1)                     ; 0                 ; 0          ; 0    ; 0            ; |Yunayev_Final_Project|Register32:reg3|D_FF:\gen_reg:13:U1                                                  ; D_FF                  ; work         ;
;       |D_FF:\gen_reg:14:U1|               ; 0 (0)               ; 1 (1)                     ; 0                 ; 0          ; 0    ; 0            ; |Yunayev_Final_Project|Register32:reg3|D_FF:\gen_reg:14:U1                                                  ; D_FF                  ; work         ;
;       |D_FF:\gen_reg:15:U1|               ; 0 (0)               ; 1 (1)                     ; 0                 ; 0          ; 0    ; 0            ; |Yunayev_Final_Project|Register32:reg3|D_FF:\gen_reg:15:U1                                                  ; D_FF                  ; work         ;
;       |D_FF:\gen_reg:16:U1|               ; 0 (0)               ; 1 (1)                     ; 0                 ; 0          ; 0    ; 0            ; |Yunayev_Final_Project|Register32:reg3|D_FF:\gen_reg:16:U1                                                  ; D_FF                  ; work         ;
;       |D_FF:\gen_reg:17:U1|               ; 0 (0)               ; 1 (1)                     ; 0                 ; 0          ; 0    ; 0            ; |Yunayev_Final_Project|Register32:reg3|D_FF:\gen_reg:17:U1                                                  ; D_FF                  ; work         ;
;       |D_FF:\gen_reg:18:U1|               ; 0 (0)               ; 1 (1)                     ; 0                 ; 0          ; 0    ; 0            ; |Yunayev_Final_Project|Register32:reg3|D_FF:\gen_reg:18:U1                                                  ; D_FF                  ; work         ;
;       |D_FF:\gen_reg:19:U1|               ; 0 (0)               ; 1 (1)                     ; 0                 ; 0          ; 0    ; 0            ; |Yunayev_Final_Project|Register32:reg3|D_FF:\gen_reg:19:U1                                                  ; D_FF                  ; work         ;
;       |D_FF:\gen_reg:1:U1|                ; 0 (0)               ; 1 (1)                     ; 0                 ; 0          ; 0    ; 0            ; |Yunayev_Final_Project|Register32:reg3|D_FF:\gen_reg:1:U1                                                   ; D_FF                  ; work         ;
;       |D_FF:\gen_reg:20:U1|               ; 0 (0)               ; 1 (1)                     ; 0                 ; 0          ; 0    ; 0            ; |Yunayev_Final_Project|Register32:reg3|D_FF:\gen_reg:20:U1                                                  ; D_FF                  ; work         ;
;       |D_FF:\gen_reg:21:U1|               ; 0 (0)               ; 1 (1)                     ; 0                 ; 0          ; 0    ; 0            ; |Yunayev_Final_Project|Register32:reg3|D_FF:\gen_reg:21:U1                                                  ; D_FF                  ; work         ;
;       |D_FF:\gen_reg:22:U1|               ; 0 (0)               ; 1 (1)                     ; 0                 ; 0          ; 0    ; 0            ; |Yunayev_Final_Project|Register32:reg3|D_FF:\gen_reg:22:U1                                                  ; D_FF                  ; work         ;
;       |D_FF:\gen_reg:23:U1|               ; 0 (0)               ; 1 (1)                     ; 0                 ; 0          ; 0    ; 0            ; |Yunayev_Final_Project|Register32:reg3|D_FF:\gen_reg:23:U1                                                  ; D_FF                  ; work         ;
;       |D_FF:\gen_reg:24:U1|               ; 0 (0)               ; 1 (1)                     ; 0                 ; 0          ; 0    ; 0            ; |Yunayev_Final_Project|Register32:reg3|D_FF:\gen_reg:24:U1                                                  ; D_FF                  ; work         ;
;       |D_FF:\gen_reg:25:U1|               ; 0 (0)               ; 1 (1)                     ; 0                 ; 0          ; 0    ; 0            ; |Yunayev_Final_Project|Register32:reg3|D_FF:\gen_reg:25:U1                                                  ; D_FF                  ; work         ;
;       |D_FF:\gen_reg:26:U1|               ; 0 (0)               ; 1 (1)                     ; 0                 ; 0          ; 0    ; 0            ; |Yunayev_Final_Project|Register32:reg3|D_FF:\gen_reg:26:U1                                                  ; D_FF                  ; work         ;
;       |D_FF:\gen_reg:27:U1|               ; 0 (0)               ; 1 (1)                     ; 0                 ; 0          ; 0    ; 0            ; |Yunayev_Final_Project|Register32:reg3|D_FF:\gen_reg:27:U1                                                  ; D_FF                  ; work         ;
;       |D_FF:\gen_reg:28:U1|               ; 0 (0)               ; 1 (1)                     ; 0                 ; 0          ; 0    ; 0            ; |Yunayev_Final_Project|Register32:reg3|D_FF:\gen_reg:28:U1                                                  ; D_FF                  ; work         ;
;       |D_FF:\gen_reg:29:U1|               ; 0 (0)               ; 1 (1)                     ; 0                 ; 0          ; 0    ; 0            ; |Yunayev_Final_Project|Register32:reg3|D_FF:\gen_reg:29:U1                                                  ; D_FF                  ; work         ;
;       |D_FF:\gen_reg:2:U1|                ; 0 (0)               ; 1 (1)                     ; 0                 ; 0          ; 0    ; 0            ; |Yunayev_Final_Project|Register32:reg3|D_FF:\gen_reg:2:U1                                                   ; D_FF                  ; work         ;
;       |D_FF:\gen_reg:30:U1|               ; 0 (0)               ; 1 (1)                     ; 0                 ; 0          ; 0    ; 0            ; |Yunayev_Final_Project|Register32:reg3|D_FF:\gen_reg:30:U1                                                  ; D_FF                  ; work         ;
;       |D_FF:\gen_reg:31:U1|               ; 0 (0)               ; 1 (1)                     ; 0                 ; 0          ; 0    ; 0            ; |Yunayev_Final_Project|Register32:reg3|D_FF:\gen_reg:31:U1                                                  ; D_FF                  ; work         ;
;       |D_FF:\gen_reg:3:U1|                ; 0 (0)               ; 1 (1)                     ; 0                 ; 0          ; 0    ; 0            ; |Yunayev_Final_Project|Register32:reg3|D_FF:\gen_reg:3:U1                                                   ; D_FF                  ; work         ;
;       |D_FF:\gen_reg:4:U1|                ; 0 (0)               ; 1 (1)                     ; 0                 ; 0          ; 0    ; 0            ; |Yunayev_Final_Project|Register32:reg3|D_FF:\gen_reg:4:U1                                                   ; D_FF                  ; work         ;
;       |D_FF:\gen_reg:5:U1|                ; 0 (0)               ; 1 (1)                     ; 0                 ; 0          ; 0    ; 0            ; |Yunayev_Final_Project|Register32:reg3|D_FF:\gen_reg:5:U1                                                   ; D_FF                  ; work         ;
;       |D_FF:\gen_reg:6:U1|                ; 0 (0)               ; 1 (1)                     ; 0                 ; 0          ; 0    ; 0            ; |Yunayev_Final_Project|Register32:reg3|D_FF:\gen_reg:6:U1                                                   ; D_FF                  ; work         ;
;       |D_FF:\gen_reg:7:U1|                ; 0 (0)               ; 1 (1)                     ; 0                 ; 0          ; 0    ; 0            ; |Yunayev_Final_Project|Register32:reg3|D_FF:\gen_reg:7:U1                                                   ; D_FF                  ; work         ;
;       |D_FF:\gen_reg:8:U1|                ; 0 (0)               ; 1 (1)                     ; 0                 ; 0          ; 0    ; 0            ; |Yunayev_Final_Project|Register32:reg3|D_FF:\gen_reg:8:U1                                                   ; D_FF                  ; work         ;
;       |D_FF:\gen_reg:9:U1|                ; 0 (0)               ; 1 (1)                     ; 0                 ; 0          ; 0    ; 0            ; |Yunayev_Final_Project|Register32:reg3|D_FF:\gen_reg:9:U1                                                   ; D_FF                  ; work         ;
;    |Register32:reg4|                      ; 0 (0)               ; 64 (32)                   ; 0                 ; 0          ; 0    ; 0            ; |Yunayev_Final_Project|Register32:reg4                                                                      ; Register32            ; work         ;
;       |D_FF:\gen_reg:0:U1|                ; 0 (0)               ; 1 (1)                     ; 0                 ; 0          ; 0    ; 0            ; |Yunayev_Final_Project|Register32:reg4|D_FF:\gen_reg:0:U1                                                   ; D_FF                  ; work         ;
;       |D_FF:\gen_reg:10:U1|               ; 0 (0)               ; 1 (1)                     ; 0                 ; 0          ; 0    ; 0            ; |Yunayev_Final_Project|Register32:reg4|D_FF:\gen_reg:10:U1                                                  ; D_FF                  ; work         ;
;       |D_FF:\gen_reg:11:U1|               ; 0 (0)               ; 1 (1)                     ; 0                 ; 0          ; 0    ; 0            ; |Yunayev_Final_Project|Register32:reg4|D_FF:\gen_reg:11:U1                                                  ; D_FF                  ; work         ;
;       |D_FF:\gen_reg:12:U1|               ; 0 (0)               ; 1 (1)                     ; 0                 ; 0          ; 0    ; 0            ; |Yunayev_Final_Project|Register32:reg4|D_FF:\gen_reg:12:U1                                                  ; D_FF                  ; work         ;
;       |D_FF:\gen_reg:13:U1|               ; 0 (0)               ; 1 (1)                     ; 0                 ; 0          ; 0    ; 0            ; |Yunayev_Final_Project|Register32:reg4|D_FF:\gen_reg:13:U1                                                  ; D_FF                  ; work         ;
;       |D_FF:\gen_reg:14:U1|               ; 0 (0)               ; 1 (1)                     ; 0                 ; 0          ; 0    ; 0            ; |Yunayev_Final_Project|Register32:reg4|D_FF:\gen_reg:14:U1                                                  ; D_FF                  ; work         ;
;       |D_FF:\gen_reg:15:U1|               ; 0 (0)               ; 1 (1)                     ; 0                 ; 0          ; 0    ; 0            ; |Yunayev_Final_Project|Register32:reg4|D_FF:\gen_reg:15:U1                                                  ; D_FF                  ; work         ;
;       |D_FF:\gen_reg:16:U1|               ; 0 (0)               ; 1 (1)                     ; 0                 ; 0          ; 0    ; 0            ; |Yunayev_Final_Project|Register32:reg4|D_FF:\gen_reg:16:U1                                                  ; D_FF                  ; work         ;
;       |D_FF:\gen_reg:17:U1|               ; 0 (0)               ; 1 (1)                     ; 0                 ; 0          ; 0    ; 0            ; |Yunayev_Final_Project|Register32:reg4|D_FF:\gen_reg:17:U1                                                  ; D_FF                  ; work         ;
;       |D_FF:\gen_reg:18:U1|               ; 0 (0)               ; 1 (1)                     ; 0                 ; 0          ; 0    ; 0            ; |Yunayev_Final_Project|Register32:reg4|D_FF:\gen_reg:18:U1                                                  ; D_FF                  ; work         ;
;       |D_FF:\gen_reg:19:U1|               ; 0 (0)               ; 1 (1)                     ; 0                 ; 0          ; 0    ; 0            ; |Yunayev_Final_Project|Register32:reg4|D_FF:\gen_reg:19:U1                                                  ; D_FF                  ; work         ;
;       |D_FF:\gen_reg:1:U1|                ; 0 (0)               ; 1 (1)                     ; 0                 ; 0          ; 0    ; 0            ; |Yunayev_Final_Project|Register32:reg4|D_FF:\gen_reg:1:U1                                                   ; D_FF                  ; work         ;
;       |D_FF:\gen_reg:20:U1|               ; 0 (0)               ; 1 (1)                     ; 0                 ; 0          ; 0    ; 0            ; |Yunayev_Final_Project|Register32:reg4|D_FF:\gen_reg:20:U1                                                  ; D_FF                  ; work         ;
;       |D_FF:\gen_reg:21:U1|               ; 0 (0)               ; 1 (1)                     ; 0                 ; 0          ; 0    ; 0            ; |Yunayev_Final_Project|Register32:reg4|D_FF:\gen_reg:21:U1                                                  ; D_FF                  ; work         ;
;       |D_FF:\gen_reg:22:U1|               ; 0 (0)               ; 1 (1)                     ; 0                 ; 0          ; 0    ; 0            ; |Yunayev_Final_Project|Register32:reg4|D_FF:\gen_reg:22:U1                                                  ; D_FF                  ; work         ;
;       |D_FF:\gen_reg:23:U1|               ; 0 (0)               ; 1 (1)                     ; 0                 ; 0          ; 0    ; 0            ; |Yunayev_Final_Project|Register32:reg4|D_FF:\gen_reg:23:U1                                                  ; D_FF                  ; work         ;
;       |D_FF:\gen_reg:24:U1|               ; 0 (0)               ; 1 (1)                     ; 0                 ; 0          ; 0    ; 0            ; |Yunayev_Final_Project|Register32:reg4|D_FF:\gen_reg:24:U1                                                  ; D_FF                  ; work         ;
;       |D_FF:\gen_reg:25:U1|               ; 0 (0)               ; 1 (1)                     ; 0                 ; 0          ; 0    ; 0            ; |Yunayev_Final_Project|Register32:reg4|D_FF:\gen_reg:25:U1                                                  ; D_FF                  ; work         ;
;       |D_FF:\gen_reg:26:U1|               ; 0 (0)               ; 1 (1)                     ; 0                 ; 0          ; 0    ; 0            ; |Yunayev_Final_Project|Register32:reg4|D_FF:\gen_reg:26:U1                                                  ; D_FF                  ; work         ;
;       |D_FF:\gen_reg:27:U1|               ; 0 (0)               ; 1 (1)                     ; 0                 ; 0          ; 0    ; 0            ; |Yunayev_Final_Project|Register32:reg4|D_FF:\gen_reg:27:U1                                                  ; D_FF                  ; work         ;
;       |D_FF:\gen_reg:28:U1|               ; 0 (0)               ; 1 (1)                     ; 0                 ; 0          ; 0    ; 0            ; |Yunayev_Final_Project|Register32:reg4|D_FF:\gen_reg:28:U1                                                  ; D_FF                  ; work         ;
;       |D_FF:\gen_reg:29:U1|               ; 0 (0)               ; 1 (1)                     ; 0                 ; 0          ; 0    ; 0            ; |Yunayev_Final_Project|Register32:reg4|D_FF:\gen_reg:29:U1                                                  ; D_FF                  ; work         ;
;       |D_FF:\gen_reg:2:U1|                ; 0 (0)               ; 1 (1)                     ; 0                 ; 0          ; 0    ; 0            ; |Yunayev_Final_Project|Register32:reg4|D_FF:\gen_reg:2:U1                                                   ; D_FF                  ; work         ;
;       |D_FF:\gen_reg:30:U1|               ; 0 (0)               ; 1 (1)                     ; 0                 ; 0          ; 0    ; 0            ; |Yunayev_Final_Project|Register32:reg4|D_FF:\gen_reg:30:U1                                                  ; D_FF                  ; work         ;
;       |D_FF:\gen_reg:31:U1|               ; 0 (0)               ; 1 (1)                     ; 0                 ; 0          ; 0    ; 0            ; |Yunayev_Final_Project|Register32:reg4|D_FF:\gen_reg:31:U1                                                  ; D_FF                  ; work         ;
;       |D_FF:\gen_reg:3:U1|                ; 0 (0)               ; 1 (1)                     ; 0                 ; 0          ; 0    ; 0            ; |Yunayev_Final_Project|Register32:reg4|D_FF:\gen_reg:3:U1                                                   ; D_FF                  ; work         ;
;       |D_FF:\gen_reg:4:U1|                ; 0 (0)               ; 1 (1)                     ; 0                 ; 0          ; 0    ; 0            ; |Yunayev_Final_Project|Register32:reg4|D_FF:\gen_reg:4:U1                                                   ; D_FF                  ; work         ;
;       |D_FF:\gen_reg:5:U1|                ; 0 (0)               ; 1 (1)                     ; 0                 ; 0          ; 0    ; 0            ; |Yunayev_Final_Project|Register32:reg4|D_FF:\gen_reg:5:U1                                                   ; D_FF                  ; work         ;
;       |D_FF:\gen_reg:6:U1|                ; 0 (0)               ; 1 (1)                     ; 0                 ; 0          ; 0    ; 0            ; |Yunayev_Final_Project|Register32:reg4|D_FF:\gen_reg:6:U1                                                   ; D_FF                  ; work         ;
;       |D_FF:\gen_reg:7:U1|                ; 0 (0)               ; 1 (1)                     ; 0                 ; 0          ; 0    ; 0            ; |Yunayev_Final_Project|Register32:reg4|D_FF:\gen_reg:7:U1                                                   ; D_FF                  ; work         ;
;       |D_FF:\gen_reg:8:U1|                ; 0 (0)               ; 1 (1)                     ; 0                 ; 0          ; 0    ; 0            ; |Yunayev_Final_Project|Register32:reg4|D_FF:\gen_reg:8:U1                                                   ; D_FF                  ; work         ;
;       |D_FF:\gen_reg:9:U1|                ; 0 (0)               ; 1 (1)                     ; 0                 ; 0          ; 0    ; 0            ; |Yunayev_Final_Project|Register32:reg4|D_FF:\gen_reg:9:U1                                                   ; D_FF                  ; work         ;
;    |lpm_ram:Ram|                          ; 0 (0)               ; 0 (0)                     ; 1024              ; 0          ; 0    ; 0            ; |Yunayev_Final_Project|lpm_ram:Ram                                                                          ; lpm_ram               ; work         ;
;       |altsyncram:altsyncram_component|   ; 0 (0)               ; 0 (0)                     ; 1024              ; 0          ; 0    ; 0            ; |Yunayev_Final_Project|lpm_ram:Ram|altsyncram:altsyncram_component                                          ; altsyncram            ; work         ;
;          |altsyncram_5124:auto_generated| ; 0 (0)               ; 0 (0)                     ; 1024              ; 0          ; 0    ; 0            ; |Yunayev_Final_Project|lpm_ram:Ram|altsyncram:altsyncram_component|altsyncram_5124:auto_generated           ; altsyncram_5124       ; work         ;
+-------------------------------------------+---------------------+---------------------------+-------------------+------------+------+--------------+-------------------------------------------------------------------------------------------------------------+-----------------------+--------------+
Note: For table entries with two numbers listed, the numbers in parentheses indicate the number of resources of the given type used by the specific entity alone. The numbers listed outside of parentheses indicate the total resources of the given type used by the specific entity and all of its sub-entities in the hierarchy.


+-------------------------------------------------------------------------------------------------------------------------------------------------------------------------------------------------+
; Analysis & Synthesis RAM Summary                                                                                                                                                                ;
+---------------------------------------------------------------------------------------+------+-------------+--------------+--------------+--------------+--------------+------+-----------------+
; Name                                                                                  ; Type ; Mode        ; Port A Depth ; Port A Width ; Port B Depth ; Port B Width ; Size ; MIF             ;
+---------------------------------------------------------------------------------------+------+-------------+--------------+--------------+--------------+--------------+------+-----------------+
; lpm_ram:Ram|altsyncram:altsyncram_component|altsyncram_5124:auto_generated|ALTSYNCRAM ; AUTO ; Single Port ; 32           ; 32           ; --           ; --           ; 1024 ; ram_content.mif ;
+---------------------------------------------------------------------------------------+------+-------------+--------------+--------------+--------------+--------------+------+-----------------+


+--------------------------------------------------------------------------------------------------------------------------------------+
; Analysis & Synthesis IP Cores Summary                                                                                                ;
+--------+--------------+---------+--------------+--------------+------------------------------------------------+---------------------+
; Vendor ; IP Core Name ; Version ; Release Date ; License Type ; Entity Instance                                ; IP Include File     ;
+--------+--------------+---------+--------------+--------------+------------------------------------------------+---------------------+
; Altera ; LPM_ADD_SUB  ; 18.1    ; N/A          ; N/A          ; |Yunayev_Final_Project|LPM_ADDER_SUBER:Add_Sub ; LPM_ADDER_SUBER.vhd ;
; Altera ; LPM_MUX      ; 18.1    ; N/A          ; N/A          ; |Yunayev_Final_Project|LPM_MUXER:Mux           ; LPM_MUXER.vhd       ;
; Altera ; RAM: 1-PORT  ; 18.1    ; N/A          ; N/A          ; |Yunayev_Final_Project|lpm_ram:Ram             ; lpm_ram.vhd         ;
+--------+--------------+---------+--------------+--------------+------------------------------------------------+---------------------+


+------------------------------------------------------+
; General Register Statistics                          ;
+----------------------------------------------+-------+
; Statistic                                    ; Value ;
+----------------------------------------------+-------+
; Total registers                              ; 269   ;
; Number of registers using Synchronous Clear  ; 64    ;
; Number of registers using Synchronous Load   ; 32    ;
; Number of registers using Asynchronous Clear ; 5     ;
; Number of registers using Asynchronous Load  ; 0     ;
; Number of registers using Clock Enable       ; 128   ;
; Number of registers using Preset             ; 0     ;
+----------------------------------------------+-------+


+---------------------------------------------------------------------------------------------------+
; Source assignments for lpm_ram:Ram|altsyncram:altsyncram_component|altsyncram_5124:auto_generated ;
+---------------------------------+--------------------+------+-------------------------------------+
; Assignment                      ; Value              ; From ; To                                  ;
+---------------------------------+--------------------+------+-------------------------------------+
; OPTIMIZE_POWER_DURING_SYNTHESIS ; NORMAL_COMPILATION ; -    ; -                                   ;
+---------------------------------+--------------------+------+-------------------------------------+


+------------------------------------------------------------------------------------------+
; Parameter Settings for User Entity Instance: lpm_ram:Ram|altsyncram:altsyncram_component ;
+------------------------------------+----------------------+------------------------------+
; Parameter Name                     ; Value                ; Type                         ;
+------------------------------------+----------------------+------------------------------+
; BYTE_SIZE_BLOCK                    ; 8                    ; Untyped                      ;
; AUTO_CARRY_CHAINS                  ; ON                   ; AUTO_CARRY                   ;
; IGNORE_CARRY_BUFFERS               ; OFF                  ; IGNORE_CARRY                 ;
; AUTO_CASCADE_CHAINS                ; ON                   ; AUTO_CASCADE                 ;
; IGNORE_CASCADE_BUFFERS             ; OFF                  ; IGNORE_CASCADE               ;
; WIDTH_BYTEENA                      ; 1                    ; Untyped                      ;
; OPERATION_MODE                     ; SINGLE_PORT          ; Untyped                      ;
; WIDTH_A                            ; 32                   ; Signed Integer               ;
; WIDTHAD_A                          ; 5                    ; Signed Integer               ;
; NUMWORDS_A                         ; 32                   ; Signed Integer               ;
; OUTDATA_REG_A                      ; CLOCK0               ; Untyped                      ;
; ADDRESS_ACLR_A                     ; NONE                 ; Untyped                      ;
; OUTDATA_ACLR_A                     ; NONE                 ; Untyped                      ;
; WRCONTROL_ACLR_A                   ; NONE                 ; Untyped                      ;
; INDATA_ACLR_A                      ; NONE                 ; Untyped                      ;
; BYTEENA_ACLR_A                     ; NONE                 ; Untyped                      ;
; WIDTH_B                            ; 1                    ; Signed Integer               ;
; WIDTHAD_B                          ; 1                    ; Signed Integer               ;
; NUMWORDS_B                         ; 0                    ; Signed Integer               ;
; INDATA_REG_B                       ; CLOCK1               ; Untyped                      ;
; WRCONTROL_WRADDRESS_REG_B          ; CLOCK1               ; Untyped                      ;
; RDCONTROL_REG_B                    ; CLOCK1               ; Untyped                      ;
; ADDRESS_REG_B                      ; CLOCK1               ; Untyped                      ;
; OUTDATA_REG_B                      ; UNREGISTERED         ; Untyped                      ;
; BYTEENA_REG_B                      ; CLOCK1               ; Untyped                      ;
; INDATA_ACLR_B                      ; NONE                 ; Untyped                      ;
; WRCONTROL_ACLR_B                   ; NONE                 ; Untyped                      ;
; ADDRESS_ACLR_B                     ; NONE                 ; Untyped                      ;
; OUTDATA_ACLR_B                     ; NONE                 ; Untyped                      ;
; RDCONTROL_ACLR_B                   ; NONE                 ; Untyped                      ;
; BYTEENA_ACLR_B                     ; NONE                 ; Untyped                      ;
; WIDTH_BYTEENA_A                    ; 1                    ; Signed Integer               ;
; WIDTH_BYTEENA_B                    ; 1                    ; Signed Integer               ;
; RAM_BLOCK_TYPE                     ; AUTO                 ; Untyped                      ;
; BYTE_SIZE                          ; 8                    ; Signed Integer               ;
; READ_DURING_WRITE_MODE_MIXED_PORTS ; DONT_CARE            ; Untyped                      ;
; READ_DURING_WRITE_MODE_PORT_A      ; NEW_DATA_NO_NBE_READ ; Untyped                      ;
; READ_DURING_WRITE_MODE_PORT_B      ; NEW_DATA_NO_NBE_READ ; Untyped                      ;
; INIT_FILE                          ; ram_content.mif      ; Untyped                      ;
; INIT_FILE_LAYOUT                   ; PORT_A               ; Untyped                      ;
; MAXIMUM_DEPTH                      ; 0                    ; Signed Integer               ;
; CLOCK_ENABLE_INPUT_A               ; BYPASS               ; Untyped                      ;
; CLOCK_ENABLE_INPUT_B               ; NORMAL               ; Untyped                      ;
; CLOCK_ENABLE_OUTPUT_A              ; BYPASS               ; Untyped                      ;
; CLOCK_ENABLE_OUTPUT_B              ; NORMAL               ; Untyped                      ;
; CLOCK_ENABLE_CORE_A                ; USE_INPUT_CLKEN      ; Untyped                      ;
; CLOCK_ENABLE_CORE_B                ; USE_INPUT_CLKEN      ; Untyped                      ;
; ENABLE_ECC                         ; FALSE                ; Untyped                      ;
; ECC_PIPELINE_STAGE_ENABLED         ; FALSE                ; Untyped                      ;
; WIDTH_ECCSTATUS                    ; 3                    ; Signed Integer               ;
; DEVICE_FAMILY                      ; Cyclone V            ; Untyped                      ;
; CBXI_PARAMETER                     ; altsyncram_5124      ; Untyped                      ;
+------------------------------------+----------------------+------------------------------+
Note: In order to hide this table in the UI and the text report file, please set the "Show Parameter Settings in Synthesis Report" option in "Analysis and Synthesis Settings -> More Settings" to "Off".


+--------------------------------------------------------------------------------------+
; Parameter Settings for User Entity Instance: LPM_MUXER:Mux|LPM_MUX:LPM_MUX_component ;
+------------------------+-----------+-------------------------------------------------+
; Parameter Name         ; Value     ; Type                                            ;
+------------------------+-----------+-------------------------------------------------+
; AUTO_CARRY_CHAINS      ; ON        ; AUTO_CARRY                                      ;
; IGNORE_CARRY_BUFFERS   ; OFF       ; IGNORE_CARRY                                    ;
; AUTO_CASCADE_CHAINS    ; ON        ; AUTO_CASCADE                                    ;
; IGNORE_CASCADE_BUFFERS ; OFF       ; IGNORE_CASCADE                                  ;
; LPM_WIDTH              ; 32        ; Signed Integer                                  ;
; LPM_SIZE               ; 2         ; Signed Integer                                  ;
; LPM_WIDTHS             ; 1         ; Signed Integer                                  ;
; LPM_PIPELINE           ; 0         ; Signed Integer                                  ;
; CBXI_PARAMETER         ; mux_o1e   ; Untyped                                         ;
; DEVICE_FAMILY          ; Cyclone V ; Untyped                                         ;
+------------------------+-----------+-------------------------------------------------+
Note: In order to hide this table in the UI and the text report file, please set the "Show Parameter Settings in Synthesis Report" option in "Analysis and Synthesis Settings -> More Settings" to "Off".


+--------------------------------------------------------------------------------------------------------+
; Parameter Settings for User Entity Instance: LPM_ADDER_SUBER:Add_Sub|lpm_add_sub:LPM_ADD_SUB_component ;
+------------------------+-------------+-----------------------------------------------------------------+
; Parameter Name         ; Value       ; Type                                                            ;
+------------------------+-------------+-----------------------------------------------------------------+
; LPM_WIDTH              ; 32          ; Signed Integer                                                  ;
; LPM_REPRESENTATION     ; UNSIGNED    ; Untyped                                                         ;
; LPM_DIRECTION          ; DEFAULT     ; Untyped                                                         ;
; ONE_INPUT_IS_CONSTANT  ; NO          ; Untyped                                                         ;
; LPM_PIPELINE           ; 0           ; Untyped                                                         ;
; MAXIMIZE_SPEED         ; 5           ; Untyped                                                         ;
; REGISTERED_AT_END      ; 0           ; Untyped                                                         ;
; OPTIMIZE_FOR_SPEED     ; 5           ; Untyped                                                         ;
; USE_CS_BUFFERS         ; 1           ; Untyped                                                         ;
; CARRY_CHAIN            ; MANUAL      ; Untyped                                                         ;
; CARRY_CHAIN_LENGTH     ; 48          ; CARRY_CHAIN_LENGTH                                              ;
; DEVICE_FAMILY          ; Cyclone V   ; Untyped                                                         ;
; USE_WYS                ; OFF         ; Untyped                                                         ;
; STYLE                  ; FAST        ; Untyped                                                         ;
; CBXI_PARAMETER         ; add_sub_gdh ; Untyped                                                         ;
; AUTO_CARRY_CHAINS      ; ON          ; AUTO_CARRY                                                      ;
; IGNORE_CARRY_BUFFERS   ; OFF         ; IGNORE_CARRY                                                    ;
; AUTO_CASCADE_CHAINS    ; ON          ; AUTO_CASCADE                                                    ;
; IGNORE_CASCADE_BUFFERS ; OFF         ; IGNORE_CASCADE                                                  ;
+------------------------+-------------+-----------------------------------------------------------------+
Note: In order to hide this table in the UI and the text report file, please set the "Show Parameter Settings in Synthesis Report" option in "Analysis and Synthesis Settings -> More Settings" to "Off".


+-----------------------------------------------------------------------------------------+
; altsyncram Parameter Settings by Entity Instance                                        ;
+-------------------------------------------+---------------------------------------------+
; Name                                      ; Value                                       ;
+-------------------------------------------+---------------------------------------------+
; Number of entity instances                ; 1                                           ;
; Entity Instance                           ; lpm_ram:Ram|altsyncram:altsyncram_component ;
;     -- OPERATION_MODE                     ; SINGLE_PORT                                 ;
;     -- WIDTH_A                            ; 32                                          ;
;     -- NUMWORDS_A                         ; 32                                          ;
;     -- OUTDATA_REG_A                      ; CLOCK0                                      ;
;     -- WIDTH_B                            ; 1                                           ;
;     -- NUMWORDS_B                         ; 0                                           ;
;     -- ADDRESS_REG_B                      ; CLOCK1                                      ;
;     -- OUTDATA_REG_B                      ; UNREGISTERED                                ;
;     -- RAM_BLOCK_TYPE                     ; AUTO                                        ;
;     -- READ_DURING_WRITE_MODE_MIXED_PORTS ; DONT_CARE                                   ;
+-------------------------------------------+---------------------------------------------+


+-----------------------------------------------------+
; Post-Synthesis Netlist Statistics for Top Partition ;
+-----------------------+-----------------------------+
; Type                  ; Count                       ;
+-----------------------+-----------------------------+
; arriav_ff             ; 269                         ;
;     CLR               ; 5                           ;
;     ENA               ; 128                         ;
;     SCLR              ; 64                          ;
;     SLD               ; 32                          ;
;     plain             ; 40                          ;
; arriav_lcell_comb     ; 41                          ;
;     arith             ; 34                          ;
;         0 data inputs ; 1                           ;
;         1 data inputs ; 1                           ;
;         3 data inputs ; 32                          ;
;     normal            ; 7                           ;
;         1 data inputs ; 1                           ;
;         2 data inputs ; 2                           ;
;         3 data inputs ; 1                           ;
;         4 data inputs ; 1                           ;
;         5 data inputs ; 1                           ;
;         6 data inputs ; 1                           ;
; boundary_port         ; 44                          ;
; stratixv_ram_block    ; 32                          ;
;                       ;                             ;
; Max LUT depth         ; 6.30                        ;
; Average LUT depth     ; 1.63                        ;
+-----------------------+-----------------------------+


+-------------------------------+
; Elapsed Time Per Partition    ;
+----------------+--------------+
; Partition Name ; Elapsed Time ;
+----------------+--------------+
; Top            ; 00:00:00     ;
+----------------+--------------+


+-------------------------------+
; Analysis & Synthesis Messages ;
+-------------------------------+
Info: *******************************************************************
Info: Running Quartus Prime Analysis & Synthesis
    Info: Version 18.1.0 Build 625 09/12/2018 SJ Lite Edition
    Info: Processing started: Fri Dec 13 12:22:33 2024
Info: Command: quartus_map --read_settings_files=on --write_settings_files=off Final_Project_AY -c Final_Project_AY
Warning (18236): Number of processors has not been specified which may cause overloading on shared machines.  Set the global assignment NUM_PARALLEL_PROCESSORS in your QSF to an appropriate value for best performance.
Info (20030): Parallel compilation is enabled and will use 16 of the 16 processors detected
Info (12021): Found 1 design units, including 0 entities, in source file yunayev_final_assignment_package.vhd
    Info (12022): Found design unit 1: Yunayev_Final_Assignment_Package File: C:/Users/Allan/OneDrive/Desktop/Coding/CSC 343 quartus and modelsim/Final_Project_AY/Yunayev_Final_Assignment_Package.vhd Line: 4
Info (12021): Found 2 design units, including 1 entities, in source file memaddraccumulator.vhd
    Info (12022): Found design unit 1: MemAddrAccumulator-Behavioral File: C:/Users/Allan/OneDrive/Desktop/Coding/CSC 343 quartus and modelsim/Final_Project_AY/MemAddrAccumulator.vhd Line: 14
    Info (12023): Found entity 1: MemAddrAccumulator File: C:/Users/Allan/OneDrive/Desktop/Coding/CSC 343 quartus and modelsim/Final_Project_AY/MemAddrAccumulator.vhd Line: 6
Info (12021): Found 2 design units, including 1 entities, in source file d_ff.vhd
    Info (12022): Found design unit 1: D_FF-Behavioral File: C:/Users/Allan/OneDrive/Desktop/Coding/CSC 343 quartus and modelsim/Final_Project_AY/D_FF.vhd Line: 11
    Info (12023): Found entity 1: D_FF File: C:/Users/Allan/OneDrive/Desktop/Coding/CSC 343 quartus and modelsim/Final_Project_AY/D_FF.vhd Line: 4
Info (12021): Found 2 design units, including 1 entities, in source file demux_1to2_32bit.vhd
    Info (12022): Found design unit 1: Demux_1to2_32bit-Behavioral File: C:/Users/Allan/OneDrive/Desktop/Coding/CSC 343 quartus and modelsim/Final_Project_AY/Demux_1to2_32bit.vhd Line: 12
    Info (12023): Found entity 1: Demux_1to2_32bit File: C:/Users/Allan/OneDrive/Desktop/Coding/CSC 343 quartus and modelsim/Final_Project_AY/Demux_1to2_32bit.vhd Line: 4
Info (12021): Found 2 design units, including 1 entities, in source file lpm_ram.vhd
    Info (12022): Found design unit 1: lpm_ram-SYN File: C:/Users/Allan/OneDrive/Desktop/Coding/CSC 343 quartus and modelsim/Final_Project_AY/lpm_ram.vhd Line: 54
    Info (12023): Found entity 1: lpm_ram File: C:/Users/Allan/OneDrive/Desktop/Coding/CSC 343 quartus and modelsim/Final_Project_AY/lpm_ram.vhd Line: 42
Info (12021): Found 2 design units, including 1 entities, in source file lpm_reg.vhd
    Info (12022): Found design unit 1: lpm_reg-SYN File: C:/Users/Allan/OneDrive/Desktop/Coding/CSC 343 quartus and modelsim/Final_Project_AY/LPM_REG.vhd Line: 53
    Info (12023): Found entity 1: LPM_REG File: C:/Users/Allan/OneDrive/Desktop/Coding/CSC 343 quartus and modelsim/Final_Project_AY/LPM_REG.vhd Line: 42
Info (12021): Found 2 design units, including 1 entities, in source file lpm_adder_suber.vhd
    Info (12022): Found design unit 1: lpm_adder_suber-SYN File: C:/Users/Allan/OneDrive/Desktop/Coding/CSC 343 quartus and modelsim/Final_Project_AY/LPM_ADDER_SUBER.vhd Line: 54
    Info (12023): Found entity 1: LPM_ADDER_SUBER File: C:/Users/Allan/OneDrive/Desktop/Coding/CSC 343 quartus and modelsim/Final_Project_AY/LPM_ADDER_SUBER.vhd Line: 42
Info (12021): Found 2 design units, including 1 entities, in source file lpm_muxer.vhd
    Info (12022): Found design unit 1: lpm_muxer-SYN File: C:/Users/Allan/OneDrive/Desktop/Coding/CSC 343 quartus and modelsim/Final_Project_AY/LPM_MUXER.vhd Line: 53
    Info (12023): Found entity 1: LPM_MUXER File: C:/Users/Allan/OneDrive/Desktop/Coding/CSC 343 quartus and modelsim/Final_Project_AY/LPM_MUXER.vhd Line: 42
Info (12021): Found 2 design units, including 1 entities, in source file register32.vhd
    Info (12022): Found design unit 1: Register32-Behavioral File: C:/Users/Allan/OneDrive/Desktop/Coding/CSC 343 quartus and modelsim/Final_Project_AY/Register32.vhd Line: 12
    Info (12023): Found entity 1: Register32 File: C:/Users/Allan/OneDrive/Desktop/Coding/CSC 343 quartus and modelsim/Final_Project_AY/Register32.vhd Line: 4
Info (12021): Found 2 design units, including 1 entities, in source file yunayev_final_project.vhd
    Info (12022): Found design unit 1: Yunayev_Final_Project-Behavioral File: C:/Users/Allan/OneDrive/Desktop/Coding/CSC 343 quartus and modelsim/Final_Project_AY/Yunayev_Final_Project.vhd Line: 26
    Info (12023): Found entity 1: Yunayev_Final_Project File: C:/Users/Allan/OneDrive/Desktop/Coding/CSC 343 quartus and modelsim/Final_Project_AY/Yunayev_Final_Project.vhd Line: 7
Info (12127): Elaborating entity "Yunayev_Final_Project" for the top level hierarchy
Info (12128): Elaborating entity "D_FF" for hierarchy "D_FF:FFReg1" File: C:/Users/Allan/OneDrive/Desktop/Coding/CSC 343 quartus and modelsim/Final_Project_AY/Yunayev_Final_Project.vhd Line: 46
Info (12128): Elaborating entity "MemAddrAccumulator" for hierarchy "MemAddrAccumulator:AddressCU" File: C:/Users/Allan/OneDrive/Desktop/Coding/CSC 343 quartus and modelsim/Final_Project_AY/Yunayev_Final_Project.vhd Line: 102
Info (12128): Elaborating entity "lpm_ram" for hierarchy "lpm_ram:Ram" File: C:/Users/Allan/OneDrive/Desktop/Coding/CSC 343 quartus and modelsim/Final_Project_AY/Yunayev_Final_Project.vhd Line: 110
Info (12128): Elaborating entity "altsyncram" for hierarchy "lpm_ram:Ram|altsyncram:altsyncram_component" File: C:/Users/Allan/OneDrive/Desktop/Coding/CSC 343 quartus and modelsim/Final_Project_AY/lpm_ram.vhd Line: 61
Info (12130): Elaborated megafunction instantiation "lpm_ram:Ram|altsyncram:altsyncram_component" File: C:/Users/Allan/OneDrive/Desktop/Coding/CSC 343 quartus and modelsim/Final_Project_AY/lpm_ram.vhd Line: 61
Info (12133): Instantiated megafunction "lpm_ram:Ram|altsyncram:altsyncram_component" with the following parameter: File: C:/Users/Allan/OneDrive/Desktop/Coding/CSC 343 quartus and modelsim/Final_Project_AY/lpm_ram.vhd Line: 61
    Info (12134): Parameter "address_aclr_a" = "UNUSED"
    Info (12134): Parameter "address_aclr_b" = "NONE"
    Info (12134): Parameter "address_reg_b" = "CLOCK1"
    Info (12134): Parameter "byte_size" = "8"
    Info (12134): Parameter "byteena_aclr_a" = "UNUSED"
    Info (12134): Parameter "byteena_aclr_b" = "NONE"
    Info (12134): Parameter "byteena_reg_b" = "CLOCK1"
    Info (12134): Parameter "clock_enable_core_a" = "USE_INPUT_CLKEN"
    Info (12134): Parameter "clock_enable_core_b" = "USE_INPUT_CLKEN"
    Info (12134): Parameter "clock_enable_input_a" = "BYPASS"
    Info (12134): Parameter "clock_enable_input_b" = "NORMAL"
    Info (12134): Parameter "clock_enable_output_a" = "BYPASS"
    Info (12134): Parameter "clock_enable_output_b" = "NORMAL"
    Info (12134): Parameter "intended_device_family" = "Cyclone V"
    Info (12134): Parameter "ecc_pipeline_stage_enabled" = "FALSE"
    Info (12134): Parameter "enable_ecc" = "FALSE"
    Info (12134): Parameter "implement_in_les" = "OFF"
    Info (12134): Parameter "indata_aclr_a" = "UNUSED"
    Info (12134): Parameter "indata_aclr_b" = "NONE"
    Info (12134): Parameter "indata_reg_b" = "CLOCK1"
    Info (12134): Parameter "init_file" = "ram_content.mif"
    Info (12134): Parameter "init_file_layout" = "PORT_A"
    Info (12134): Parameter "maximum_depth" = "0"
    Info (12134): Parameter "numwords_a" = "32"
    Info (12134): Parameter "numwords_b" = "0"
    Info (12134): Parameter "operation_mode" = "SINGLE_PORT"
    Info (12134): Parameter "outdata_aclr_a" = "NONE"
    Info (12134): Parameter "outdata_aclr_b" = "NONE"
    Info (12134): Parameter "outdata_reg_a" = "CLOCK0"
    Info (12134): Parameter "outdata_reg_b" = "UNREGISTERED"
    Info (12134): Parameter "power_up_uninitialized" = "FALSE"
    Info (12134): Parameter "ram_block_type" = "AUTO"
    Info (12134): Parameter "rdcontrol_aclr_b" = "NONE"
    Info (12134): Parameter "rdcontrol_reg_b" = "CLOCK1"
    Info (12134): Parameter "read_during_write_mode_mixed_ports" = "DONT_CARE"
    Info (12134): Parameter "read_during_write_mode_port_a" = "NEW_DATA_NO_NBE_READ"
    Info (12134): Parameter "read_during_write_mode_port_b" = "NEW_DATA_NO_NBE_READ"
    Info (12134): Parameter "stratixiv_m144k_allow_dual_clocks" = "ON"
    Info (12134): Parameter "width_a" = "32"
    Info (12134): Parameter "width_b" = "1"
    Info (12134): Parameter "width_byteena_a" = "1"
    Info (12134): Parameter "width_byteena_b" = "1"
    Info (12134): Parameter "width_eccstatus" = "3"
    Info (12134): Parameter "widthad_a" = "5"
    Info (12134): Parameter "widthad_b" = "1"
    Info (12134): Parameter "wrcontrol_aclr_a" = "UNUSED"
    Info (12134): Parameter "wrcontrol_aclr_b" = "NONE"
    Info (12134): Parameter "wrcontrol_wraddress_reg_b" = "CLOCK1"
    Info (12134): Parameter "lpm_hint" = "ENABLE_RUNTIME_MOD=NO"
    Info (12134): Parameter "lpm_type" = "altsyncram"
Info (12021): Found 1 design units, including 1 entities, in source file db/altsyncram_5124.tdf
    Info (12023): Found entity 1: altsyncram_5124 File: C:/Users/Allan/OneDrive/Desktop/Coding/CSC 343 quartus and modelsim/Final_Project_AY/db/altsyncram_5124.tdf Line: 27
Info (12128): Elaborating entity "altsyncram_5124" for hierarchy "lpm_ram:Ram|altsyncram:altsyncram_component|altsyncram_5124:auto_generated" File: c:/intelfpga_lite/18.1/quartus/libraries/megafunctions/altsyncram.tdf Line: 791
Info (12128): Elaborating entity "Demux_1to2_32bit" for hierarchy "Demux_1to2_32bit:Demux" File: C:/Users/Allan/OneDrive/Desktop/Coding/CSC 343 quartus and modelsim/Final_Project_AY/Yunayev_Final_Project.vhd Line: 119
Info (12128): Elaborating entity "Register32" for hierarchy "Register32:Reg1" File: C:/Users/Allan/OneDrive/Desktop/Coding/CSC 343 quartus and modelsim/Final_Project_AY/Yunayev_Final_Project.vhd Line: 127
Info (12128): Elaborating entity "LPM_MUXER" for hierarchy "LPM_MUXER:Mux" File: C:/Users/Allan/OneDrive/Desktop/Coding/CSC 343 quartus and modelsim/Final_Project_AY/Yunayev_Final_Project.vhd Line: 143
Info (12128): Elaborating entity "LPM_MUX" for hierarchy "LPM_MUXER:Mux|LPM_MUX:LPM_MUX_component" File: C:/Users/Allan/OneDrive/Desktop/Coding/CSC 343 quartus and modelsim/Final_Project_AY/LPM_MUXER.vhd Line: 135
Info (12130): Elaborated megafunction instantiation "LPM_MUXER:Mux|LPM_MUX:LPM_MUX_component" File: C:/Users/Allan/OneDrive/Desktop/Coding/CSC 343 quartus and modelsim/Final_Project_AY/LPM_MUXER.vhd Line: 135
Info (12133): Instantiated megafunction "LPM_MUXER:Mux|LPM_MUX:LPM_MUX_component" with the following parameter: File: C:/Users/Allan/OneDrive/Desktop/Coding/CSC 343 quartus and modelsim/Final_Project_AY/LPM_MUXER.vhd Line: 135
    Info (12134): Parameter "LPM_WIDTH" = "32"
    Info (12134): Parameter "LPM_SIZE" = "2"
    Info (12134): Parameter "LPM_WIDTHS" = "1"
    Info (12134): Parameter "LPM_PIPELINE" = "0"
    Info (12134): Parameter "LPM_TYPE" = "LPM_MUX"
    Info (12134): Parameter "LPM_HINT" = "UNUSED"
Info (12021): Found 1 design units, including 1 entities, in source file db/mux_o1e.tdf
    Info (12023): Found entity 1: mux_o1e File: C:/Users/Allan/OneDrive/Desktop/Coding/CSC 343 quartus and modelsim/Final_Project_AY/db/mux_o1e.tdf Line: 22
Info (12128): Elaborating entity "mux_o1e" for hierarchy "LPM_MUXER:Mux|LPM_MUX:LPM_MUX_component|mux_o1e:auto_generated" File: c:/intelfpga_lite/18.1/quartus/libraries/megafunctions/lpm_mux.tdf Line: 86
Info (12128): Elaborating entity "LPM_ADDER_SUBER" for hierarchy "LPM_ADDER_SUBER:Add_Sub" File: C:/Users/Allan/OneDrive/Desktop/Coding/CSC 343 quartus and modelsim/Final_Project_AY/Yunayev_Final_Project.vhd Line: 159
Info (12128): Elaborating entity "lpm_add_sub" for hierarchy "LPM_ADDER_SUBER:Add_Sub|lpm_add_sub:LPM_ADD_SUB_component" File: C:/Users/Allan/OneDrive/Desktop/Coding/CSC 343 quartus and modelsim/Final_Project_AY/LPM_ADDER_SUBER.vhd Line: 82
Info (12130): Elaborated megafunction instantiation "LPM_ADDER_SUBER:Add_Sub|lpm_add_sub:LPM_ADD_SUB_component" File: C:/Users/Allan/OneDrive/Desktop/Coding/CSC 343 quartus and modelsim/Final_Project_AY/LPM_ADDER_SUBER.vhd Line: 82
Info (12133): Instantiated megafunction "LPM_ADDER_SUBER:Add_Sub|lpm_add_sub:LPM_ADD_SUB_component" with the following parameter: File: C:/Users/Allan/OneDrive/Desktop/Coding/CSC 343 quartus and modelsim/Final_Project_AY/LPM_ADDER_SUBER.vhd Line: 82
    Info (12134): Parameter "lpm_direction" = "UNUSED"
    Info (12134): Parameter "lpm_hint" = "ONE_INPUT_IS_CONSTANT=NO,CIN_USED=NO"
    Info (12134): Parameter "lpm_representation" = "UNSIGNED"
    Info (12134): Parameter "lpm_type" = "LPM_ADD_SUB"
    Info (12134): Parameter "lpm_width" = "32"
Info (12021): Found 1 design units, including 1 entities, in source file db/add_sub_gdh.tdf
    Info (12023): Found entity 1: add_sub_gdh File: C:/Users/Allan/OneDrive/Desktop/Coding/CSC 343 quartus and modelsim/Final_Project_AY/db/add_sub_gdh.tdf Line: 25
Info (12128): Elaborating entity "add_sub_gdh" for hierarchy "LPM_ADDER_SUBER:Add_Sub|lpm_add_sub:LPM_ADD_SUB_component|add_sub_gdh:auto_generated" File: c:/intelfpga_lite/18.1/quartus/libraries/megafunctions/lpm_add_sub.tdf Line: 118
Info (286030): Timing-Driven Synthesis is running
Info (16010): Generating hard_block partition "hard_block:auto_generated_inst"
    Info (16011): Adding 0 node(s), including 0 DDIO, 0 PLL, 0 transceiver and 0 LCELL
Info (21057): Implemented 348 device resources after synthesis - the final resource count might be different
    Info (21058): Implemented 11 input pins
    Info (21059): Implemented 33 output pins
    Info (21061): Implemented 272 logic cells
    Info (21064): Implemented 32 RAM segments
Info: Quartus Prime Analysis & Synthesis was successful. 0 errors, 1 warning
    Info: Peak virtual memory: 4893 megabytes
    Info: Processing ended: Fri Dec 13 12:22:49 2024
    Info: Elapsed time: 00:00:16
    Info: Total CPU time (on all processors): 00:00:11


